Company Name,Job Title,Location,Country,Job Description,Salary Estimate,Avg Salary,Size,Industry,Sector,Revenue,Rating,Recommend,CEO,Benefits,Opportunities,Comp Benefits,Culture,Management,WorkLife Balance,Pros,Cons,Num Listings,Reviews URL,Benefits URL
"Falabella Equipo Corporativo
4.2",Data Scientist,Chile,chile,"Descripción empresa:
SomosFalabella

Somos Falabella Retail, Sodimac, Tottus, Banco Falabella, Linio, Falabella.com, Fazil, Fpay, Mall Plaza, Falabella Corporativo, Falabella Inmobiliario, Ikea.

Nos gusta innovar, trabajamos desde donde queremos estar, respetamos y valoramos la diversidad, incluimos a todas las personas y derribamos barreras porque acá las diferencias suman.

Disfrutamos y lo pasamos bien trabajando en equipo, aceptando las diferencias por nuestra identidad de género, orientación sexual, creencias religiosas, discapacidad, edad o nacionalidad, compartimos experiencias entre negocios, vibramos con los desafíos del mundo físico y digital.

Somos más de 100 mil personas en 9 países distintos que cada día trabajamos como un equipo por simplificar y disfrutar más la vida.


¡Si tienes una mente inquieta y te gusta soñar en grande, este llamado es para ti!

En Falabella Financiero buscamos un Data Scientist para sumarse al equipo de Gerencia de Data Factory.

Somos Falabella, UN equipo diverso con más de 100 mil colaboradores compuesto por grandes marcas: Falabella Retail, Sodimac, Banco Falabella, Seguros Falabella, Tottus, Mallplaza, Open Plaza y Linio. Hoy tenemos presencia en 7 países de America Latina, además de oficinas en China e India.

Cada día es diferente, trabajamos en equipo, con compromiso, buscando siempre superar las expectativas de nuestros clientes. Si eres una persona que se apasiona por el trabajo dinámico y el desafío constante ¡Esta es tu oportunidad de hacer que las cosas pasen!

El desafío principal del cargo es proponer e implementar soluciones analíticas a diferentes problemáticas e iniciativas de negocio trabajando de la mano con los clientes internos aplicando metodologías estadísticas y de Machine Learning.


Somos una empresa que apoya la Ley 21015, apoyamos la diversidad y la inclusión en todas sus formas, independientemente de la religión, la raza, el género, la situación de la discapacidad, la nacionalidad.

Nos enfocamos en Tu Talento!


3 años de experiencia en Data Science
SQL
Phyton intermedio
Herramientas de Bigquery GCP


Súmate a nuestro equipo y se parte de la transformación de Falabella:

1. Postula a la oferta.
2. Revisa tu email.",,,10000+ Employees,Retail & Wholesale,$10+ billion (USD),,4.1,82 %,90 %,,3.9,3.8,4.0,3.8,3.8,,,61,https://www.glassdoor.com/Reviews/Falabella-Reviews-E10976.htm,
"OpenSistemas
3.3",First Job Data Scientist (Remoto),Chile,chile,"¿Estás buscando nuevos horizontes y retos profesionales?

La innovación es el alma de OpenSistemas. Es la clave principal de nuestros proyectos de tecnología con los que acompañamos al éxito a nuestros clientes desde una perspectiva disruptiva.

Nuestro propósito es trabajar en proyectos que generen un cambio positivo en la sociedad. Si quieres formar parte de esta revolución, ¡sigue leyendo!

Qué es lo más importante para nosotros

Creemos que hay dos elementos principales que nos ayudan a lograr nuestro objetivo: nuestra cultura, basada en el crecimiento profesional y personal de nuestra gente, y la confianza en la relación organización-persona.

Por ello, te acompañaremos en tu desarrollo continuo con formaciones y certificaciones que te ayuden a crecer aún más como profesional y potenciar tu carrera .

OpenSistemas es una empresa internacional con una cultura abierta, diversa e inclusiva en la que destaca el trabajo en equipo entre compañeros y compañeras de distintas partes del mundo. Llevamos muchos años, incluso antes de la pandemia, apostando por el modelo remote-first, lo que nos convierte en una compañía abierta, respetuosa y conciliadora con las personas que trabajan aquí.

En la misma línea, tenemos el compromiso de apoyar y promover el conocimiento compartido y abierto a través de las comunidades tecnológicas, por lo que participamos en los eventos clave del sector y patrocinamos meetups tecnológicos como los de las comunidades de Machine Learning Spain y DataBeers Meetup Sevilla. Fomentamos la asistencia a eventos y facilitamos la participación de nuestro equipo en ellos.

Además, nos gusta encontrarnos, reír, bailar al ritmo de nuestra OpenBand (formada por personas de la compañía), y para ello organizamos nuestras ya míticas Open Parties.

¿Qué te hará conseguir el éxito?

Medio - Alto.


Python, C#, Java

R, Numpy

Tableau...

SQL

Necesario estar cursando o haber cursado estudios relacionados Matemáticas, Física, Ingenierías.

¿Por qué te gustará trabajar con nosotros?

Contrato indefinido y estabilidad laboral.

100% teletrabajo. La persona debe residir en España, Colombia, Chile, Uruguay o Paraguay.

Plan de carrera y revisiones salariales, para que tu nómina crezca contigo.

Si te ilusiona esta experiencia profesional y personal, ¡inscríbete a la oferta! Nos encantará conocerte : )

¿Nos conocemos mejor?",,,51 to 200 Employees,Unknown / Non-Applicable,,,3.3,44 %,62 %,,3.0,3.3,3.1,2.9,4.0,,,61,https://www.glassdoor.com/Reviews/OpenSistemas-Reviews-E1157074.htm,
,Data Scientist,Chile,chile,"Publicada hace 16 días por
Redbus Urbano
Jornada Completa
Otro Profesional
Región Metropolitana de Santiago
Huechuraba
En Redbus Urbano, seguimos creciendo.
Estamos buscando a un/a nuevo/a “Data Scientist”, para incorporarse a nuestra Gerencia de desarrollo comercial.

¿Qué esperamos del puesto?
Tu misión será realizar análisis de movilidad para los distintos procesos de licitación y generar recomendaciones para la toma de decisión buscando responder a necesidades concretas para los modelos de negocios. Prestar apoyo para el mejoramiento de los contratos vigentes

Tus funciones principales serán;

Requisitos;

Otros;

¿Por qué sumarme al equipo de Redbus Urbano?
Somos parte de la Red Metropolitana de Movilidad y, como tal, trabajamos para conectar a nuestra ciudad, ofreciendo soluciones seguras de transporte y trasladando a más de 350.000 personas cada día.",,,,,,,,,,,,,,,,,,61,,
"Energy Fitness Clubs
3.8",Data Scientist,Chile,chile,"Publicada hace 9 días por
ENERGY FITNESS CLUBS S.P.A.
Jornada Completa
Ingeniero
Región Metropolitana de Santiago
Vitacura
Realizar la recopilación y procesamiento de datos a gran escala; Diseñar y desarrollar aplicaciones de datos utilizando herramientas y marcos seleccionados; Desarrollar consultas con bases de datos con SQL o PL/SQL Desarrollar modelos estadísticos, por ejemplo, con Python o R. Realizar análisis del entorno y diseñar sistemas de reporting para la visualización de los datos (sobre todo en business intelligence); Realizar informes de análisis de datos ad hoc y periódicos; Realizar el procesamiento de los datos no estructurados en un formato adecuado para su análisis, generación de KPI/reportes o extracción de información; Realizar la atención y solución de requerimientos e incidencias producidas por soluciones de Analíticas",,,201 to 500 Employees,Personal Consumer Services,Unknown / Non-Applicable,,3.8,100 %,N/A,,3.8,3.4,3.4,3.4,3.0,,,61,https://www.glassdoor.com/Reviews/Energy-Fitness-Clubs-Reviews-E620508.htm,
"IBM
4.1",Data Scientist,Chile,chile,"Introduction
As a Data Scientist at IBM, you will help transform our clients’ data into tangible business value by analyzing information, communicating outcomes and collaborating on product development. Work with Best in Class open source and visual tools, along with the most flexible and scalable deployment options. Whether it’s investigating patient trends or weather patterns, you will work to solve real world problems for the industries transforming how we live.

Your Role and Responsibilities
Understand opportunities or problems and plan how they will be addressed to create a data product that focuses on early capture of business value and adoption by the organization.
Integrate data sources if required and suggest new ones to improve the analysis.
Apply statistical analysis to understand data (distribution, correlations and outliers).",,,10000+ Employees,Information Technology Support Services,Information Technology,$10+ billion (USD),4.1,83 %,89 %,3.7,4.0,3.5,4.1,3.7,4.1,,,61,https://www.glassdoor.com/Reviews/IBM-Reviews-E354.htm,https://www.glassdoor.com/Benefits/IBM-Benefits-E354.htm
"Grupo Premier
3.0",Data Scientist,Las Condes,chile,"Descripción empresa:
En Grupo Premier Chile trabajamos para convertirnos en el mejor operador de restaurantes en Chile basado en el desarrollo de las personas, y de este modo contribuir a crear un mundo mejor.

¡Somos personas transformando la industria de Fast Food Premium!

Si te interesa trabajar en un lugar divertido, flexible, donde el foco sean las personas y el desarrollo profesional, te invitamos a postular a nuestra vacante de: ¡¡Data Scientist!!

Tendrás como principal función: El análisis de la data de la compañía, a fin de levantar diversas hipótesis que permitan entender y predecir el comportamiento de las distintas áreas y con esto entregar la información relevante para toma de las decisiones estratégicas de la compañía.

Misión del cargo:
El análisis y predicción del comportamiento de distintas áreas.



Formación profesional en Estadística, Matemáticas, Informática, Ingeniería, o carrera a fin.
Experiencia de al menos 2 años en análisis cuantitativo o modelo de datos.
Experiencia en modelo predictivo, aprendizaje automático, técnicas de agrupación y algoritmos
Fluidez en un lenguaje de programación (Python, C,C++, Java, SQL)
Familiaridad con marcos de Big Data y herramientas de visualización



El proceso de selección se realiza a través de Aira - plataforma de reclutamiento diseñado para mejorar tu experiencia de postulación.


1. Postular a la oferta
2. Revisar tu email
3. Ingresar a Aira y contestar las preguntas y/o pruebas solicitadas

Luego, si vemos que tu perfil se ajusta a lo que estamos buscando, te contactaremos por email (a través de Aira) para seguir a la etapa presencial.",,,Unknown,,,,3.0,50 %,N/A,,2.7,2.1,3.1,2.8,2.1,,,61,,
"Fusemachines
3.0",Data Scientist,Chile,chile,"About Fusemachines
Fusemachines is a leading AI strategy, talent, and education services provider. Founded by Sameer Maskey Ph.D., Adjunct Associate Professor at Columbia University, Fusemachines has a core mission of democratizing AI. With a presence in 4 countries (Nepal, the United States, Canada, and the Dominican Republic and more than 250 full-time employees) Fusemachines seeks to bring its global expertise in AI to transform companies around the world.
Job functions
We are looking for intellectually curious, highly motivated individuals to join our Data Science & Analytics team. You will partner with our Engineering, Product, and Operations teams to identify critical issues to the business, develop a deep understanding of them, and design scalable solutions. You will leverage your quantitative and modeling skills to transform signals into insights, and insights into actions. You should have strong analytical skills, excellent communication abilities, and a knack for working across teams in a fast-paced environment.",,,51 to 200 Employees,Information Technology,Unknown / Non-Applicable,,3.0,64 %,N/A,4.5,3.0,2.6,3.2,2.7,3.3,,,61,https://www.glassdoor.com/Reviews/Fusemachines-Reviews-E1402803.htm,https://www.glassdoor.com/Benefits/Fusemachines-Benefits-E1402803.htm
"Entel
4.2",Experto Data Scientist,Las Condes,chile,"Descripción empresa:
Sabemos que quieres cambiar el mundo y transformar con responsabilidad nuestra sociedad. Por eso, en Entel podrás encontrar un espacio de desarrollo, diverso e inclusivo, donde tu propia identidad y talento es bienvenido.

Funciones del cargo:
Somos una empresa en estado de innovación permanente, operadora líder de telecomunicaciones y tecnología en Chile, con una creciente operación en Perú.

Nos encontramos en la búsqueda de un Especialista Data Scientist, quien tendra que generar insights independientemente, basados en analítica moderna e innovadora y métodos estadísticos de data Science, predecir y comunicar recomendaciones relevantes, que permitan maximizar eficiencia en la gestión y facilite la toma de decisiones. Mejorar proactivamente los métodos analíticos del área, estando atento a los desarrollos de la ciencia y las nuevas tecnologías.

Algunas de tus funciones seran...


Ing. matemático, Ing. informático, Ing. Industrial, Economista, Estadístico o Actuario de Datos
Experiencia en Big Data
Ingles Intermedio



El proceso de selección se realiza a través de Aira - plataforma de reclutamiento diseñado para mejorar tu experiencia de postulación.


1. Postular a la oferta
2. Revisar tu email
3. Ingresar a Aira y contestar las preguntas y/o pruebas solicitadas

Luego, si vemos que tu perfil se ajusta a lo que estamos buscando, te contactaremos por email (a través de Aira) para seguir a la etapa presencial.",,,1001 to 5000 Employees,Telecommunications,$1 to $5 billion (USD),,4.1,90 %,N/A,,3.9,3.9,4.3,3.8,4.0,,,61,https://www.glassdoor.com/Reviews/Entel-Reviews-E380614.htm,
"Equifax
3.9",Data Scientist Intermediate,Las Condes,chile,"Equifax is where you can power your possible. If you want to achieve your true potential, chart new paths, develop new skills, collaborate with bright minds, and make a meaningful impact, we want to hear from you.
Equifax is looking for an experienced Data Scientist, who will be responsible for attributes development, testing, and delivery with Python in our technical environment, leveraging advanced data and analytical methodologies, AI, ML/DL to design and deliver attributes bundles based on use cases.
This individual is also capable of data delivery, design of data structures (AVRO schema), and processes balancing immediate deliverables with future reusability, while evangelizing best practices for data solution architecture. This individual will promote a culture of creativity, problem-solving, experimentation, innovation, and execution. The ability to be detail-oriented, highly organized, and priority-driven are a must in order to be successful in this fast-paced environment.",,,10000+ Employees,Research & Development,Management & Consulting,$1 to $5 billion (USD),3.9,75 %,86 %,3.3,3.8,3.8,3.8,3.6,3.9,,,61,https://www.glassdoor.com/Reviews/Equifax-Reviews-E232.htm,https://www.glassdoor.com/Benefits/Equifax-Benefits-E232.htm
"Fusemachines
3.0",Senior Data Scientist,Chile,chile,"About Fusemachines
Fusemachines is a leading AI strategy, talent, and education services provider. Founded by Sameer Maskey Ph.D., Adjunct Associate Professor at Columbia University, Fusemachines has a core mission of democratizing AI. With a presence in 4 countries (Nepal, the United States, Canada, and the Dominican Republic and more than 250 full-time employees) Fusemachines seeks to bring its global expertise in AI to transform companies around the world.
About the role
This is a remote, consulting position
Role scope",,,51 to 200 Employees,Information Technology,Unknown / Non-Applicable,,3.0,64 %,N/A,4.5,3.0,2.6,3.2,2.7,3.3,,,61,https://www.glassdoor.com/Reviews/Fusemachines-Reviews-E1402803.htm,https://www.glassdoor.com/Benefits/Fusemachines-Benefits-E1402803.htm
"The Bridge Social
4.1",Data Scientist,Chile,chile,"Descripción:
Somos The Bridge
The Bridge es la red de profesionales digitales más grande de LATAM con más de 230 mil rockstars. Startups, scale-ups, grandes empresas y consultorías de todo el mundo trabajan con nosotros para conseguir los proyectos más desafiantes e impactantes. ¿Estás listo para participar en el desafío?

La Posición
Estamos buscando al próximo cambio de juego que se una al equipo como Data Scientist. Para considerar este rol debes estar ubicado en Santiago - Chile .",,,51 to 200 Employees,Internet & Web Services,Information Technology,$1 to $5 million (USD),4.3,85 %,N/A,,4.1,3.7,4.0,4.1,4.3,,,61,https://www.glassdoor.com/Reviews/The-Bridge-Social-Reviews-E2842905.htm,
Redbus Urbano,Data Scientist,Chile,chile,"En Redbus Urbano, seguimos creciendo.
Estamos buscando a un/a nuevo/a “Data Scientist”, para incorporarse a nuestra Gerencia de desarrollo comercial.

¿Qué esperamos del puesto?
Tu misión será realizar análisis de movilidad para los distintos procesos de licitación y generar recomendaciones para la toma de decisión buscando responder a necesidades concretas para los modelos de negocios. Prestar apoyo para el mejoramiento de los contratos vigentes

Tus funciones principales serán;
Dimensionar volumen de negocio y cifras relevantes para procesos de licitación B2B y B2G.
Elaborar estimación de demanda y productividad.

Requisitos;

Otros;

¿Por qué sumarme al equipo de Redbus Urbano?
Somos parte de la Red Metropolitana de Movilidad y, como tal, trabajamos para conectar a nuestra ciudad, ofreciendo soluciones seguras de transporte y trasladando a más de 350.000 personas cada día.
REQUISITOS Estudios mínimos: Universitaria Carreras: Ingeniería en Geografía , Ingeniería en Transporte Requisitos Minimos: - Ingeniero Civil en Geografía o Ingeniero Civil en Transportes.",,,,,,,,,,,,,,,,,,61,,
"Association of Universities for Research in Astronomy
3.5","Scientific Staff Positions, Astronomer/Scientist Tracks",La Serena,chile,"NSF’s NOIRLab (National Optical Infrared Astronomy Research Laboratory) invites applications for one or more scientific staff positions based at Gemini Observatory in La Serena, Chile. The successful candidates will conduct independent astronomical research and support the scientific operations of Gemini South. The positions could be on either the Scientist (emphasis on service roles with 20% time for independent research) or Astronomer (up to 50% time for independent research) tracks. Applications from candidates at all career stages will be considered.
NOIRLab is the preeminent US national center for ground-based, nighttime optical and infrared astronomy. The mission of NOIRLab is to enable breakthrough discoveries in astrophysics by developing and operating state-of-the-art ground-based observatories and providing data products and services for a diverse and inclusive community. NOIRLab is a Federally Funded Research and Development Center that operates as a matrix organization with approximately 400 employees providing services across a range of programs: Gemini Observatory, Vera C. Rubin Observatory, Mid-Scale Observatory (Cerro Tololo Inter-American Observatory and Kitt Peak National Observatory), and the Community Science and Data Center.",,,501 to 1000 Employees,Colleges & Universities,Education,$25 to $100 million (USD),3.5,58 %,68 %,4.6,3.0,4.1,3.2,2.7,3.2,,,61,https://www.glassdoor.com/Reviews/Association-of-Universities-for-Research-in-Astronomy-Reviews-E32763.htm,https://www.glassdoor.com/Benefits/Association-of-Universities-for-Research-in-Astronomy-Benefits-E32763.htm
"Association of Universities for Research in Astronomy
3.5",Adaptive Optics Scientist,La Serena,chile,"NSF’s NOIRLab has an immediate opening for an Adaptive Optics (AO) Scientist for the International Gemini Observatory. The AO Scientist will participate in the development and operation of the AO facilities at the Gemini South facility in La Serena, Chile. The successful candidate is expected to use approximately 20% of their time to carry out original and innovative research. We are committed to diversity and inclusion at Gemini Observatory. Our managing organization, AURA, as a leader in the astronomical community, develops and supports programs that advance our organizational commitment to diversity, broaden participation, and encourage the advancement of diversity throughout the astronomical scientific workforce. Learn more at http://www.aura-astronomy.org/diversity.asp
The NSF's NOIRLab is an AURA-managed center headquartered in Tucson, Arizona that integrates the operations of the Gemini Observatory, the Vera C. Rubin Observatory, Mid-Scale Observatories (MSO), and Community Science and Data Center (CSDC) as a matrix organization with facilities in Arizona, Chile and Hawai`i.",,,501 to 1000 Employees,Colleges & Universities,Education,$25 to $100 million (USD),3.5,58 %,68 %,4.6,3.0,4.1,3.2,2.7,3.2,,,61,https://www.glassdoor.com/Reviews/Association-of-Universities-for-Research-in-Astronomy-Reviews-E32763.htm,https://www.glassdoor.com/Benefits/Association-of-Universities-for-Research-in-Astronomy-Benefits-E32763.htm
,Ingeniero en Data Scientist,Chile,chile,"Publicada hace 31 días por
Empresa Confidencial
Jornada Completa
Analista
Región Metropolitana de Santiago
Las Condes
Destacada Empresa Líder en Gestión y Optimización de Recursos del Medio Ambiente, desea incorporar a su equipo un Ing de Data Scientist quien tendrá proponer, desarrollar,diseñar e implementar soluciones tecnológicas a la captura de transmision, limpieza almacenamiento y procesos de base de datos mediante modelos descriptivos, predictivos y prescriptivos.

Queremos contar contigo para:
Desarrollara captura de transmisión, limpieza almacenamiento y procesos de base de datos scripts para data sets file based, conexiones a WSs y otros.
Desarrollara métodos estadísticos orientados a la análisis , visualización y reporting y alertas
Colabora con con la automatización y generación de reportes de Kpi?
Manejara plataformas con PBI, Datastudio, data science, Python, entre otros.
Participar en nuevos proyectos asociados a transformación digital.
Presentación de formaciones y elaboración de material de soporte lenguajes API, WSs, JSON",,,,,,,,,,,,,,,,,,61,,
"Bnamericas Spa
3.1",Data Scientist,Chile,chile,"Bnamericas busca incorporar un profesional Científico de Datos para su equipo de Producto y Estrategia. El trabajo es 100% remoto y se inicia en Octubre 2022.

Principales desafíos y responsabilidades del rol

Participar en el desarrollo de proyectos en los que tendrá que:
Crear nuevos productos y funcionalidades, basados en datos y visualización de datos.
Optimizar campañas de marketing y esfuerzos comerciales.
Iniciativas de Business Intelligence
Iniciativas para captar y mejorar contenidos.
Requisitos:

Interesados, enviar CV con expectativas de salario a",,,Unknown,Information Technology,Unknown / Non-Applicable,,3.1,62 %,N/A,,2.7,2.9,3.3,2.7,3.5,,,61,https://www.glassdoor.com/Reviews/Business-News-Americas-Reviews-E489304.htm,
"Bain & Company
4.5","Senior Manager, Data Science",Las Condes,chile,"We offer an 80% working model for our South America Advanced Analytics Group team members with Fridays being a non-working day. Please submit CVs in English to be considered for this role
Company Overview

Bain & Company is one of the world's leading global business consulting firms, serving clients across six continents. It was founded in 1973 on the principle that consultants must measure their success in terms of their clients' financial results. Bain's clients have outperformed the stock market 4 to 1. With offices in all major cities, Bain has worked with over 4,150 major multinational and other corporations from every economic sector, in every region of the world.

A career at Bain & Company will provide the opportunity to learn in a collaborative teaming environment, drive impact to support our 'Results' mission statement. The firm has a passionate and rich culture that offers an unparalleled business experience that can carry throughout a career. We hire dynamic individuals that are dedicated to achieving both personal and professional goals. To learn more about the firm, please visit www.bain.com.

Position Summary

This is an opportunity to be a part of Bain’s expanding data science capability area. This position will be part of the Advanced Analytics Group (Bain’s team of data science, engineering, decision science and primary research experts). Responsibilities will include working closely with the Advanced Analytics Group (AAG) and Bain’s consulting teams to provide high quality results for our clients, some of the most successful and pioneering businesses in the world. This will include helping formulate and driving our evolving strategy on how to best support our clients on large data/heavily analytic initiatives.The person in this role will need to:

Responsibilities & Duties

Qualifications",,,5001 to 10000 Employees,Business Consulting,Management & Consulting,$5 to $10 billion (USD),4.5,93 %,96 %,4.8,4.6,4.4,4.6,4.3,3.4,,,61,https://www.glassdoor.com/Reviews/Bain-and-Company-Reviews-E3752.htm,https://www.glassdoor.com/Benefits/Bain-and-Company-Benefits-E3752.htm
"ENERGY FITNESS CLUBS S.P.A.
3.8",Data Scientist,Chile,chile,"Realizar la recopilación y procesamiento de datos a gran escala; Diseñar y desarrollar aplicaciones de datos utilizando herramientas y marcos seleccionados; Desarrollar consultas con bases de datos con SQL o PL/SQL Desarrollar modelos estadísticos, por ejemplo, con Python o R. Realizar análisis del entorno y diseñar sistemas de reporting para la visualización de los datos (sobre todo en business intelligence); Realizar informes de análisis de datos ad hoc y periódicos; Realizar el procesamiento de los datos no estructurados en un formato adecuado para su análisis, generación de KPI/reportes o extracción de información; Realizar la atención y solución de requerimientos e incidencias producidas por soluciones de Analíticas REQUISITOS Estudios mínimos: Universitaria Carreras: Ingeniería Civil Industrial , Ingeniería Industrial Requisitos Minimos: -Ingeniero Civil
Conocimiento en Business Objects, SQL, sistemas XLM
2 años de Experiencia CONTRATO Tipo de contrato: Jornada Completa Duracion: Jornada Laboral: Jornada Completa",,,201 to 500 Employees,Personal Consumer Services,Unknown / Non-Applicable,,3.8,100 %,N/A,,3.8,3.4,3.4,3.4,3.0,,,61,https://www.glassdoor.com/Reviews/Energy-Fitness-Clubs-Reviews-E620508.htm,
"Entel
4.2",Especialista Senior Data Scientist,Las Condes,chile,"Descripción empresa:
Sabemos que quieres cambiar el mundo y transformar con responsabilidad nuestra sociedad. Por eso, en Entel podrás encontrar un espacio de desarrollo, diverso e inclusivo, donde tu propia identidad y talento es bienvenido.

Funciones del cargo:
Somos una empresa en estado de innovación permanente, operadora líder de telecomunicaciones y tecnología en Chile, con una creciente operación en Perú.

Nos encontramos en la búsqueda de un Especialista Data Scientist, quien tendra que generar insights independientemente, basados en analítica moderna e innovadora y métodos estadísticos de data Science, predecir y comunicar recomendaciones relevantes, que permitan maximizar eficiencia en la gestión y facilite la toma de decisiones. Mejorar proactivamente los métodos analíticos del área, estando atento a los desarrollos de la ciencia y las nuevas tecnologías.

Algunas de tus funciones seran...

¡Te esperamos!


Ing. matemático, Ing. informático, Ing. Industrial, Economista,
2 años de experiencia en áreas de big data
ingles intermedio



El proceso de selección se realiza a través de Aira - plataforma de reclutamiento diseñado para mejorar tu experiencia de postulación.


1. Postular a la oferta
2. Revisar tu email
3. Ingresar a Aira y contestar las preguntas y/o pruebas solicitadas

Luego, si vemos que tu perfil se ajusta a lo que estamos buscando, te contactaremos por email (a través de Aira) para seguir a la etapa presencial.",,,1001 to 5000 Employees,Telecommunications,$1 to $5 billion (USD),,4.1,90 %,N/A,,3.9,3.9,4.3,3.8,4.0,,,61,https://www.glassdoor.com/Reviews/Entel-Reviews-E380614.htm,
"Uber
3.8",Engineering Manager II - Chile,Chile,chile,"About the Role
As an Engineering Manager at Uber, you will be leading a group of engineers working with product managers, data scientists and other engineering teams to build identity platform solutions globally which are used by all Uber users. We are Uber’s first Tech Center in LATAM and part of the global Engineering team!
The Vehicles Org's vision is to empower suppliers with an innovative platform that enables the industry’s leading marketplace for suppliers and earners while creating new opportunities for Uber.
We own the end-to-end enterprise ecosystem which enables all the earners (drivers/couriers) on the Uber platform who need access to an asset (vehicles, bikes, scooters, etc) & you will own driving the overall mission of this ecosystem.
This is a unique opportunity for an experienced engineer who has a healthy sense of curiosity and acts with a responsibility to join Uber, work with hardworking people across the board and help improve our next-generation search and mapping systems, scaling them to the next level.",,,10000+ Employees,Internet & Web Services,Information Technology,$10+ billion (USD),4.0,79 %,81 %,3.4,3.6,3.7,3.8,3.5,3.9,,,61,https://www.glassdoor.com/Reviews/Uber-Reviews-E575263.htm,https://www.glassdoor.com/Benefits/Uber-Benefits-E575263.htm
"ZeroFOX
4.0",Quality Assurance Engineer - Chile,Chile,chile,"BIG NEWS!
ZeroFox is officially a public company, and we’re on a mission to make the internet safer. Read more here: http://ow.ly/Iy6K50KbCYo

OPPORTUNITY OVERVIEW
At ZeroFox, we are passionate about bringing world-class protection to the digital-first world. Together, we have built a system capable of collecting and analyzing data from all over the internet, creating a paradigm-shifting cybersecurity product, that helps secure and protect our customers and improves the global threat landscape.

We are a team of software engineers, cybersecurity experts, data scientists, and testers who continue to develop unparalleled solutions to the cyber security industry by providing the best Digital Risk Protection SaaS in the global market. Our company, services, and user base are growing faster than ever and we’d like you to join our ever-growing team to expand our products and help us innovate. We believe the greatest solutions in the Digital Risk Protection space come from composing teams with varying backgrounds and experiences that can use their complementary skill sets to come up with the best market-defining solutions. Along the way, you’ll expand your potential with constant opportunities to learn and grow alongside exceptionally knowledgeable, competent, and collaborative people.",,,Unknown,Enterprise Software & Network Solutions,Information Technology,Unknown / Non-Applicable,4.0,71 %,77 %,3.2,3.8,3.7,3.9,3.8,3.9,,,61,https://www.glassdoor.com/Reviews/ZeroFOX-Reviews-E779978.htm,https://www.glassdoor.com/Benefits/ZeroFOX-Benefits-E779978.htm
Openworld Latam,Data Scientist,Chile,chile,"Importante empresa que presta servicios a la minería, requiere Data Scientist, para trabajo en área de BI, con fuertes conocimientos en análisis de datos, capacidad de inferir información, Jornada Laboral de Lunes a Viernes, sector ciudad empresarial.

Al menos 3 años en áreas de BI o análisis de información estadística, con manejo de grandes volúmenes de datos.

se requiere:
1.-Ingeniero y/o estadístico.
2.-conocimientos avanzados en inferencia estadística.
3.-Uso de Herramientas estadísticas.
4.-Modelos predictivos, analítica descriptiva
5.-Uso de tableau, power bi, qlik view o similar (cualquiera de estas herramientas)
6.-Uso de Herramientas computacionales como minitab, spss, matlab (no excluyente)}
7.-Manejo de datalake, data warehouse, data mart, big data.
8.-Capacidad para Construir Dashboard y Reporteria en base a análisis


Grato Ambiente laboral.
Sueldo acorde al mercado
Seguro de Salud
Alimentación
Modalidad Mixta de trabajo.",,,,,,,,,,,,,,,,,,61,,
"Worley
3.6",Study Manager - Lithium,Chile,chile,"Company : Worley
Primary Location
: CHL-SPO-Santiago de Chile
Other Locations
: COL-CPD-Bogotá, PER-LM-Lima, BRA-SP-Sao Paulo, ARG-BA-Buenos Aires
Job
: Process",,,10000+ Employees,Energy & Utilities,"Energy, Mining & Utilities",$5 to $10 billion (USD),3.6,72 %,82 %,3.5,3.3,3.2,3.5,3.1,3.5,,,61,https://www.glassdoor.com/Reviews/Worley-Reviews-E35193.htm,https://www.glassdoor.com/Benefits/Worley-Benefits-E35193.htm
"Worley
3.6","Project Director - Mining, Minerals & Metals",Chile,chile,"Company : Worley
Primary Location
: CHL-SPO-Santiago de Chile
Job
: Process
Schedule
: Full-time",,,10000+ Employees,Energy & Utilities,"Energy, Mining & Utilities",$5 to $10 billion (USD),3.6,72 %,82 %,3.5,3.3,3.2,3.5,3.1,3.5,,,61,https://www.glassdoor.com/Reviews/Worley-Reviews-E35193.htm,https://www.glassdoor.com/Benefits/Worley-Benefits-E35193.htm
"BICE VIDA
5.0",Data Scientist,Chile,chile,"En BICE VIDA somos líderes en el rubro de las aseguradoras y queremos satisfacer las necesidades de seguridad, prosperidad y protección de nuestros clientes. Estamos apostando por la transformación digital, buscando nuevas formas de realizar el negocio, para mantenernos vigente y responder a los constantes cambios que el entorno nos exige.
¡Únete a un equipo apasionado y altamente motivado por brindar soluciones innovadoras a sus clientes!

“Esta oferta se enmarca en la ley 21.015 que incentiva la inclusión laboral de personas en situación de discapacidad. Aquellos interesados, contarán con el apoyo de la Compañía para realizar un proceso inclusivo y en igualdad de condiciones. BICE Vida se compromete a resguardar la información que postulantes en situación de discapacidad proporcionen de manera voluntaria”.",,,501 to 1000 Employees,,,,5.0,100 %,N/A,,5.0,5.0,5.0,5.0,5.0,,,61,,
"GRUPO KAUFMANN
4.7",Data Scientist E - Commerce - Kaufmann Casa Matriz,Chile,chile,"DESCRIPCIÓN DEL PUESTO
¿De qué se trata este cargo?Responsable de la extracción, procesamiento y clasificación de datos estadísticos del área a la cual pertenece, generando distintos análisis que permitan la toma de decisiones comerciales y financieras de forma informada.¿Cuáles serán las principales funciones?Llevar a cabo la recopilación de información y organizarla de manera tal, que se logre estructurar as bases de datos relacionadas para cada tema requerido.Segmentar y evaluar el ciclo de vida de clientes de Kaufparts.Explorar las bases de datos haciendo uso creativo de estas, determinando la metodología a utilizar, ya sea a través de herramientas de visualización, reportes y análisis que involucren data mining o técnicas estadísticas que permitan correlaciones y/o tendencias que faciliten la toma de decisiones comerciales y financieras del área.Generar análisis e interpretación de los resultados de datos a partir de distintas técnicas (análisis de correlaciones, de regresión, de escenario, entre otras.) y de herramientas estadísticas.Identificar y comprender las necesidades del negocio y las tendencias del mercado en cuanto a metodologías, herramientas y soluciones de BI.Velar por la incorporación de nuevos datos del área relacionado con el entendimiento de los clientes, mercado e industria.Desarrollar, implementar y mantener los modelos estadísticos y dashboard de visualización de datos.Realizar el análisis de ventas y productos.Analizar el impacto de las campañas de Marketing Digital asociadas al área.
REQUISITOS
¿Qué esperamos de la persona que ocupe este rol?Ingeniería Civil Informática, Civil Industrial, Ingeniería Civil Matemática, Ingeniería en Estadística o carrera afín.Contar con al menos 2 a 3 años de experiencia en el cargo o similar.Manejo de Microsoft Office Intermedio.Conocimientos de estadística y visualización de datos.Manejo de programa ""R"" o ""PYTHON"" (Deseable).Conocimientos en gestión de base de datos (Big Data y SQL) (Deseable).Manejo de ERP SAP (Deseable).Inglés nivel intermedio (Deseable).
BENEFICIOS
desayuno y almuerzo.Bonos y aguinaldos: vacaciones, invierno, fiestas Patrias y navidad.Beneficios Sociales y Salud: seguro de vida por accidente (500 UF).Atención Dental con descuento Kaufmann (en casa matriz).Beneficios Escolares: becas Walter Kaufmann Colaboradores e hijos, programa de excelencia académica.Beneficio Sala Cuna / Jardín Infantil (beneficio adicional para todas sus colaboradoras, pago del 50% de jardín infantil, hasta que los niños(as) cumplan los 3 años de edad), entre otros.Con el 2% de tu sueldo podrás acceder al pack de Beneficios Vive Ok! ¿Qué incluye?Seguro de Salud: seguro complementario, catastrófico y de vida.Préstamos de Salud, Dental y Oftalmológico.Beneficios de telefonía: convenio Entel y Movistar, descuento en equipos ilimitados.Beneficios educación: bonos de escolaridad, prestamos escolares.Beneficios Calidad de Vida: bonos por nacimiento, matrimonio, defunción, reembolso por alojamiento de vacaciones, reembolso para gastos médicos de padres y mascotas, convenio con gimnasios, bonificación deportiva y recreacional, Avance Vive Ok, convenios de gas, préstamos leña y muchos más!",,,1001 to 5000 Employees,,,,4.7,100 %,N/A,,4.8,4.7,4.8,4.7,4.6,,,61,https://www.glassdoor.com/Reviews/Kaufmann-Reviews-E903693.htm,
"Association of Universities for Research in Astronomy
3.5",System Integration Manager,La Serena,chile,"Vera C. Rubin Observatory is a brand-new astronomical facility currently under construction in Chile, with staff based in Tucson, Arizona. Rubin Observatory will undertake the Legacy Survey of Space and Time (LSST) which promises to be one of the largest and most comprehensive astronomy surveys of its kind which is sure to fundamentally change how humanity perceives and understands the Universe in which we live. Rubin Observatory will enable countless discoveries in almost every area of modern astronomical research—discoveries made possible by the team that built the Rubin Observatory system, and by the global science community that Rubin Observatory serves.
Rubin is searching for an experienced System Integration Manager to work closely with the Observatory Scientist to lead the efforts for bringing the hardware and software elements of the system together to achieve an operational observing system that produces science ready images. This effort is heavily focused on the summit to achieve key milestones for Engineering First Light (ComCam images on sky) and System First Light (Camera images on sky). The Systems Integration Manager is responsible for orchestrating the work by keeping the schedule, priorities and work flow defined. The System Integration Manager and Observatory Scientist will have a core team to support the planning, analysis, and execution with expertise in hardware, control software and some Data Management (DM) pipeline modules. The majority of the labor to execute the integration work will come from other Project Teams. The System Integration leadership is therefore responsible for working with the Project Leadership Team to advocate, negotiate and integrate resources to address the activities. The System Integration work is at the nexus of Project activities and will work with the Project Office to set and implement priorities across the Project. The preference is for this position to be based in La Serena, Chile; being based in Tucson, Arizona, may be considered.",,,501 to 1000 Employees,Colleges & Universities,Education,$25 to $100 million (USD),3.5,58 %,68 %,4.6,3.0,4.1,3.2,2.7,3.2,,,61,https://www.glassdoor.com/Reviews/Association-of-Universities-for-Research-in-Astronomy-Reviews-E32763.htm,https://www.glassdoor.com/Benefits/Association-of-Universities-for-Research-in-Astronomy-Benefits-E32763.htm
"Coca Cola Embonor S.A.
4.1",Data Scientist Área Analítica Avanzada (Las Condes),Chile,chile,"Coca Cola Embonor S.A. busca incorporar a su Gerencia de Innovación del Área Analítica Avanzada a Ingeniero Industrial, Ingeniero Matemático, Ingeniero Comercial o Carrera a fin para la comuna de Las Condes, ciudad de Santiago.

Funciones:
Entre sus principales funciones destaca resolver problemas complejos a través de la implementación de proyectos de analítica avanzada incorporando una visión estratégica. Deberá obtener información valiosa para el negocio a través del análisis de datos. Así como también, ser responsable del desarrollo de proyectos de analítica avanzada.

Requisitos:
Titulado de Ingeniería Industrial o carrera afín.
Experiencia relacionada con el cargo en postulación.",,,10000+ Employees,Food & Beverage Manufacturing,Manufacturing,$10+ billion (USD),4.0,79 %,85 %,4.0,3.8,4.0,3.9,3.6,3.6,,,61,https://www.glassdoor.com/Reviews/The-Coca-Cola-Company-Reviews-E161.htm,https://www.glassdoor.com/Benefits/The-Coca-Cola-Company-Benefits-E161.htm
"Axity
3.8",Data Scientist - INGLES 90 -100% CHILE,Chile,chile,"Definir, asesorar, coordinar y/o ejecutar con visión integral las actividades del proyecto/servicio, desarrollando productos de complejidad avanzada, con calidad y de acuerdo a los tiempos asignados, a través de la correcta implementación de la solución.
""Inglés intermedio - avanzado. Experiencia de 2 a 3 años como Data Scientist. Comprensión y expresión de conceptos abstractos lógicos/matemáticos. Traducción de problemas complejos a fuentes y metodologías analíticas. Identificación, interpretación y solución de problemas en los resultados y metodologías a través del planteamiento de pruebas intuitivas/técnicas. Uso de conceptos y herramientas de estadística y probabilidad. Manejo y modelado de datos en Python para cargar, visualizar, interpretar y transformar datos, así como obtener y justificar conclusiones. Manejo de conceptos y herramientas de aprendizaje de máquina. Capacidad funcional de Línea de Comando. Experiencia poniendo algoritmos en producción

Deseable: Manejo de herramientas para procesamiento en la nube como Amazon (EC2, S3) o Azure (Data Bricks, Blob Storage, Data Factory). Manejo de grandes cantidades de datos usando Spark, Hadoop y/o ecosistemas similares. Manejo de Git, Github u otra herramienta de control de versiones. Análisis geoespacial. Experiencia usando modelos de estadística bayesiana. Conceptos de contenedores (docker). Conceptos de ambientes virtualizados (pyenv, virtualenv). ""

NIVEL ACADEMICO Licenciatura o ingeniería en informática, Sistemas computacionales o afines
CONTRATO Indefinido - Indeterminado
HORARIO L a V
IDIOMAS Bilingües Ingles 90% - 100% (Obligatorio)
LUGAR DE TRABAJO Remoto, se puede aplicar a nivel nacional",,,5001 to 10000 Employees,,,,3.8,85 %,N/A,,3.6,3.3,3.7,3.4,3.2,,,61,https://www.glassdoor.com/Reviews/Axity-Reviews-E2116281.htm,
"Xe
3.5",Senior Data Scientist,Chile,chile,"If you are interested in applying to the role, we ask that you kindly complete the application in English and attach an English version of your resume. Thank you.

At XE, we live currencies. We provide a comprehensive range of currency services and products, including our Currency Converter, Market Analysis, Currency Data API and quick, easy, secure Money Transfers for individuals and businesses. We leverage technology to deliver these services through our website, mobile apps and over the phone.
Last year, we helped nearly 300 million people access information about the currencies that matter to them and over 150,000 people used us to send money overseas. Thousands of businesses relied on us for information about the currency markets, advice on managing their foreign exchange risk or trusted us with their business-critical international payments.",,,51 to 200 Employees,Internet & Web Services,Information Technology,Unknown / Non-Applicable,3.5,94 %,N/A,,3.4,3.5,3.5,3.7,4.1,,,61,https://www.glassdoor.com/Reviews/Xrysi-Eukairia-Reviews-E807952.htm,
"ZeroFOX
4.0",Senior Software Engineer - Chile,Chile,chile,"BIG NEWS!
ZeroFox is officially a public company, and we’re on a mission to make the internet safer. Read more here: http://ow.ly/Iy6K50KbCYo

OPPORTUNITY OVERVIEW
At ZeroFox, we are passionate about bringing world-class protection to the digital-first world. Together, we have built a system capable of collecting and analyzing data from all over the internet, creating a paradigm-shifting cybersecurity product that helps secure and protect our customers and improves the global threat landscape.

We are a team of software engineers, cybersecurity experts, and data scientists who continue to develop unparalleled solutions for the cyber security industry by providing the best Digital Risk Protection SaaS in the global market. Our company, services, and user base are growing faster than ever and we’d like you to help us innovate. We believe the greatest solutions in the Digital Risk Protection space come from composing teams with varied backgrounds and experiences that can use their complementary skill sets to come up with the best market-defining solutions.",,,Unknown,Enterprise Software & Network Solutions,Information Technology,Unknown / Non-Applicable,4.0,71 %,77 %,3.2,3.8,3.7,3.9,3.8,3.9,,,61,https://www.glassdoor.com/Reviews/ZeroFOX-Reviews-E779978.htm,https://www.glassdoor.com/Benefits/ZeroFOX-Benefits-E779978.htm
"Ambiental
4.4",Ingeniero en Data Scientist,Chile,chile,"Destacada Empresa Líder en Gestión y Optimización de Recursos del Medio Ambiente, desea incorporar a su equipo un Ing de Data Scientist quien tendrá proponer, desarrollar,diseñar e implementar soluciones tecnológicas a la captura de transmision, limpieza almacenamiento y procesos de base de datos mediante modelos descriptivos, predictivos y prescriptivos.

Queremos contar contigo para:
Desarrollara captura de transmisión, limpieza almacenamiento y procesos de base de datos scripts para data sets file based, conexiones a WSs y otros.
Desarrollara métodos estadísticos orientados a la análisis , visualización y reporting y alertas
Colabora con con la automatización y generación de reportes de Kpiś
Manejara plataformas con PBI, Datastudio, data science, Python, entre otros.
Participar en nuevos proyectos asociados a transformación digital.
Presentación de formaciones y elaboración de material de soporte lenguajes API, WSs, JSON

REQUISITOS
Ingeniería en informática o carrera a fin.
Experiencia de al menos de 2 año en automatización de bases y análisis de datos, elaboración de indicadores, KPIs.
Conocimientos en programación software Data Science, Python, PBI, PHP, JSON, entre otros.
Inglés técnico (Ideal )

BENEFICIOS
Beneficios internos de la compañía.
Renta acorde al mercado
Horario art 22
Las Condes.",,,1 to 50 Employees,Business Consulting,Management & Consulting,Unknown / Non-Applicable,4.4,100 %,N/A,,4.4,4.0,4.3,4.6,3.8,,,61,https://www.glassdoor.com/Reviews/Ambiental-Reviews-E2328898.htm,
"Fusemachines
3.0",Machine Learning Engineer,Chile,chile,"About Fusemachines
Fusemachines is a leading AI strategy, talent, and education services, provider. Founded by Sameer Maskey Ph.D., Adjunct Associate Professor at Columbia University, Fusemachines has a core mission of democratizing AI. With a presence in 4 countries (Nepal, the United States, Canada, and the Dominican Republic and more than 250 full-time employees) Fusemachines seeks to bring its global expertise in AI to transform companies around the world.
ABOUT THE ROLE
This is a remote, full-time position.
Responsibilities",,,51 to 200 Employees,Information Technology,Unknown / Non-Applicable,,3.0,64 %,N/A,4.5,3.0,2.6,3.2,2.7,3.3,,,61,https://www.glassdoor.com/Reviews/Fusemachines-Reviews-E1402803.htm,https://www.glassdoor.com/Benefits/Fusemachines-Benefits-E1402803.htm
"ZeroFOX
4.0",Principal Software Engineer - Chile,Chile,chile,"BIG NEWS!
ZeroFox is officially a public company, and we’re on a mission to make the internet safer. Read more here: http://ow.ly/Iy6K50KbCYo

OPPORTUNITY OVERVIEW
At ZeroFox, we are passionate about bringing world-class protection to the digital-first world. Together, we have built a system capable of collecting and analyzing data from all over the internet, creating a paradigm-shifting cybersecurity product that helps secure and protect our customers and improves the global threat landscape.

We are a team of software engineers, cybersecurity experts, and data scientists who continue to develop unparalleled solutions for the cyber security industry by providing the best Digital Risk Protection SaaS in the global market. Our company, services, and user base are growing faster than ever and we’d like you to help us innovate. We believe the greatest solutions in the Digital Risk Protection space come from composing teams with varied backgrounds and experiences that can use their complementary skill sets to come up with the best market-defining solutions.",,,Unknown,Enterprise Software & Network Solutions,Information Technology,Unknown / Non-Applicable,4.0,71 %,77 %,3.2,3.8,3.7,3.9,3.8,3.9,,,61,https://www.glassdoor.com/Reviews/ZeroFOX-Reviews-E779978.htm,https://www.glassdoor.com/Benefits/ZeroFOX-Benefits-E779978.htm
"ZeroFOX
4.0",Software Engineer - Chile,Chile,chile,"BIG NEWS!
ZeroFox is officially a public company, and we’re on a mission to make the internet safer. Read more here: http://ow.ly/Iy6K50KbCYo

OPPORTUNITY OVERVIEW
At ZeroFox, we are passionate about bringing world-class protection to the digital-first world. Together, we have built a system capable of collecting and analyzing data from all over the internet, creating a paradigm-shifting cybersecurity product that helps secure and protect our customers and improves the global threat landscape.

We are a team of software engineers, cybersecurity experts, and data scientists who continue to develop unparalleled solutions for the cyber security industry by providing the best Digital Risk Protection SaaS in the global market. Our company, services, and user base are growing faster than ever and we’d like you to help us innovate. We believe the greatest solutions in the Digital Risk Protection space come from composing teams with varied backgrounds and experiences that can use their complementary skill sets to come up with the best market-defining solutions.",,,Unknown,Enterprise Software & Network Solutions,Information Technology,Unknown / Non-Applicable,4.0,71 %,77 %,3.2,3.8,3.7,3.9,3.8,3.9,,,61,https://www.glassdoor.com/Reviews/ZeroFOX-Reviews-E779978.htm,https://www.glassdoor.com/Benefits/ZeroFOX-Benefits-E779978.htm
"ZeroFOX
4.0",Software Engineer in Test - Chile,Chile,chile,"BIG NEWS!
ZeroFox is officially a public company, and we’re on a mission to make the internet safer. Read more here: http://ow.ly/Iy6K50KbCYo

OPPORTUNITY OVERVIEW
At ZeroFox, we are passionate about bringing world-class protection to the digital-first world. Together, we have built a system capable of collecting and analyzing data from all over the internet, creating a paradigm-shifting cybersecurity product, that helps secure and protect our customers and improves the global threat landscape.

We are a team of software engineers, cybersecurity experts, data scientists, and testers who continue to develop unparalleled solutions to the cyber security industry by providing the best Digital Risk Protection SaaS in the global market. Our company, services, and user base are growing faster than ever and we’d like you to join our ever-growing team to expand our products and help us innovate. We believe the greatest solutions in the Digital Risk Protection space come from composing teams with varying backgrounds and experiences that can use their complementary skill sets to come up with the best market-defining solutions.",,,Unknown,Enterprise Software & Network Solutions,Information Technology,Unknown / Non-Applicable,4.0,71 %,77 %,3.2,3.8,3.7,3.9,3.8,3.9,,,61,https://www.glassdoor.com/Reviews/ZeroFOX-Reviews-E779978.htm,https://www.glassdoor.com/Benefits/ZeroFOX-Benefits-E779978.htm
PSINET,Data Scientist Senior,Chile,chile,"Somos un holding Chileno que se dedica al rubro de las telecomunicaciones, tenemos 20 años en el mercado, ofreciendo soluciones en servicios de Telecomunicaciones, Integración en Infraestructura Tecnológica, Servicios TI, Monitoreo, Control y Analítica.
Requerimos contratar a Data Scientist, para diseñar y aportar valor al desarrollo de software de tecnologías de inteligencia computacional y Analítica Avanzada de Datos, mediante modalidad ágil para nuestros nuevos proyectos de adjudicación.
Funciones del cargo
Buscamos profesionales para diseñar y aportar valor al desarrollo de software de tecnologías de inteligencia computacional y Analítica Avanzada de Datos.
Realizando las siguientes funciones:",,,,,,,,,,,,,,,,,,61,,
Team work,Data Scientist Junior Modalidad mixta,Chile,chile,"Consultora de recursos humanos se encuentra en búsqueda de Especialista Data Sciencist, para importante cliente del rubro de energía, ubicado en la región metropolitana. Sus principales funciones: Aplicar conocimientos en Data Mining, con el objetivo de recabar la información necesaria, que logran aportar en la toma de decisiones. Aplicar conocimientos de Machine Learning, para extraer datos con objetivo de crear y proponer análisis predictivos. Requisitos: Titulo Ingeniería Civil en Informática, Ingeniería Civil en Matemáticas, Estadística, Comercial o carrera afín.

Experiencia mínima de 2 años en programación, Experiencia en tratamiento y extracción de datos. Conocimiento SQL y/o QL Data Lake (Hive, Impala). Software Python, R, Excel avanzado. Beneficios: Horario lunes a jueves, de 08:30 a 18:30 hrs./viernes 08:30 a 15:30 hrs.

Modalidad mixta Contrato plazo fijo 2 meses, con posibilidades de indefinido. Seguro de Salud",,,Unknown,,,,,,,,,,,,,,,61,,
"Page Personnel
3.9",Data Scientist,Chile,chile,"Publicado el 15/07/2022
Trabajaras en proyectos que buscan potenciar los servicios de optimizacion
Potenciaras el Scheduling de importante empresa internacional
Sobre nuestro cliente
Importante cliente internacional de habla inglesa, con mas de 70 años de experiencia en industrias de transporte aéreo
Descripción
Tendrás a cargo la responsabilidad de llevar a cabo la optimización del proyecto en conjunto a un equipo, y preparar el Scheduling de distintos servicios.",,,Unknown,,,,3.9,82 %,100 %,,4.0,3.6,3.9,3.8,3.3,,,61,https://www.glassdoor.com/Reviews/Page-Personnel-Reviews-E3127375.htm,
"Xe
3.5",ML and Data Engineer,Chile,chile,"If you are interested in applying to the role, we ask that you kindly complete the application in English and attach an English version of your resume. Thank you.

At XE, we live currencies. We provide a comprehensive range of currency services and products, including our Currency Converter, Market Analysis, Currency Data API and quick, easy, secure Money Transfers for individuals and businesses. We leverage technology to deliver these services through our website, mobile apps and over the phone.
Last year, we helped nearly 300 million people access information about the currencies that matter to them and over 150,000 people used us to send money overseas. Thousands of businesses relied on us for information about the currency markets, advice on managing their foreign exchange risk or trusted us with their business-critical international payments.",,,51 to 200 Employees,Internet & Web Services,Information Technology,Unknown / Non-Applicable,3.5,94 %,N/A,,3.4,3.5,3.5,3.7,4.1,,,61,https://www.glassdoor.com/Reviews/Xrysi-Eukairia-Reviews-E807952.htm,
"Bain & Company
4.5","Senior Associate, Machine Learning Engineer",Las Condes,chile,"At Bain we say ""Champion the bold to achieve the extraordinary"". At the Advanced Analytics Group (AAG) we deeply embody that statement; we put remarkable data innovators in front of the world's toughest challenges, delivering impact that goes way beyond businesses. By doing that, we aim to challenge the status quo and redefine the domains in which we work.

We are building the most influential data innovation hub in South America. We are looking for creative yet courageous professionals like you to play a key role in helping us pursue this endeavor.

What can you expect from us?

We are people centered and team players: we want to provide an awesome environment to work and grow. An environment where we care about people, our wellbeing and a healthy and vibrant long term development. We believe in a place where autonomy is at the core, and where servant leadership provides direction, guidance and motivation, enabling the best version of each of us so we can build teams based on trust and where we help others shine.

we are obsessed with unleashing our clients’ full potential by developing quick and dirty data products that evolve fast through agile experimentation. We design a vision not conquered yet, and we only seek to make it a reality and bring true impact to the domains we work on. Be it a very complex operational mining process, an NGO’s educational challenge, a retailer’s e-commerce, or a climate change endeavor, we bring state-of-the-art advanced analytics techniques to create new superior realities for our clients.

complex problems require thinking out-of-the-box, giving room to challenging ideas and points of view. How we enable that? By nurturing creativity and having fun exploring novel paths and promoting curiosity and learning in empowered teams that take seriously their instincts and passions. We’ve seen over and over again that this never-ending learning philosophy make us better and stronger, broaden our capability range and enlighten our version in the future to tackle challenges that we haven’t seen before.


Machine Learning Engineer @ Bain

We are looking for a new (senior) Machine Learning Engineer to join our team in Brazil, or Chile, to work in advanced analytics projects for our clients, in our factory team and/or in our own R&D team. For us, a Machine Learning Engineer is someone who has a broad knowledge of all the lifecycle of a Machine Learning project. We don’t expect you to necessarily have the deep mathematical knowledge a Data Scientist has. Nor being able to write a whole web application by yourself, as a Software Engineer does. But, you must feel very comfortable navigating between both worlds.

As a Machine Learning Engineer, you will play a fundamental role on technical decision making, embedded in projects and working with clients of different industries. You will also get your hands dirty writing code to get Machine Learning models working at real world production environments. This role teams up closely with Data Scientists, Impact Leaders, Consultants and Team Leaders to boost, deepen and streamline the development of innovative solutions that respond to high complexity problems.

What we expect from you?

What can you expect working with us?

At the beginning

During your first case

In between cases

It is common that when you end up a project, you have time until you are assigned into another project. This window is specially important so you can:

During your second case

And from there

Benefits

some benefits may differ depending on location and could be subject to change.

ABOUT US

Bain & Company is a global consultancy that helps the world’s most ambitious change makers define the future.

Across 62 cities in 37 countries, we work alongside our clients as one team with a shared ambition to achieve extraordinary results, outperform the competition, and redefine industries. We complement our tailored, integrated expertise with a vibrant ecosystem of digital innovators to deliver better, faster, and more enduring outcomes. Our 10-year commitment to invest more than $1 billion in pro bono services brings our talent, expertise, and insight to organizations tackling today’s urgent challenges in education, racial equity, social justice, economic development, and the environment. We earned a gold rating from EcoVadis, the leading platform for environmental, social, and ethical performance ratings for global supply chains, putting us in the top 2% of all companies. Since our founding in 1973, we have measured our success by the success of our clients, and we proudly maintain the highest level of client advocacy in the industry.",,,5001 to 10000 Employees,Business Consulting,Management & Consulting,$5 to $10 billion (USD),4.5,93 %,96 %,4.8,4.6,4.4,4.6,4.3,3.4,,,61,https://www.glassdoor.com/Reviews/Bain-and-Company-Reviews-E3752.htm,https://www.glassdoor.com/Benefits/Bain-and-Company-Benefits-E3752.htm
"Decision Point
4.0",Finance Manager - LAT,Chile,chile,"Job Information
Title
Finance Manager - LAT
Industry
Analytics Consulting
Work Experience
0-1 year
City",,,201 to 500 Employees,Business Consulting,Management & Consulting,Unknown / Non-Applicable,3.9,87 %,97 %,,4.1,3.4,3.6,3.8,3.4,,,61,https://www.glassdoor.com/Reviews/Decision-Point-Reviews-E835917.htm,
"Decision Point
4.0",Senior Analytics Consultant - LAT,Chile,chile,"Job Information
Title
Senior Analytics Consultant - LAT
Industry
Analytics Consulting
Work Experience
0-1 year
City",,,201 to 500 Employees,Business Consulting,Management & Consulting,Unknown / Non-Applicable,3.9,87 %,97 %,,4.1,3.4,3.6,3.8,3.4,,,61,https://www.glassdoor.com/Reviews/Decision-Point-Reviews-E835917.htm,
"Decision Point
4.0",HR Associate - LAT,Chile,chile,"Job Information
Title
HR Associate - LAT
Industry
Analytics Consulting
Work Experience
0-1 year
City",,,201 to 500 Employees,Business Consulting,Management & Consulting,Unknown / Non-Applicable,3.9,87 %,97 %,,4.1,3.4,3.6,3.8,3.4,,,61,https://www.glassdoor.com/Reviews/Decision-Point-Reviews-E835917.htm,
"NeuralWorks
4.0",Data Analyst,Chile,chile,"NeuralWorks es una compañia de alto crecimiento fundada hace menos de 1 año. Estamos trabajando a toda maquina en cosas que darán que hablar.
Somos un equipo donde se unen la creatividad, curiosidad y la pasión por hacer las cosas bien. Nos arriesgamos a explorar fronteras donde otros no llegan: un modelo predictor basado en monte carlo, una red convolucional para detección de caras, un sensor de posición bluetooth, la recreación de un espacio acústico usando finite impulse response.
Estos son solo algunos de los desafíos, donde aprendemos, exploramos y nos complementamos como equipo para lograr cosas impensadas.
Trabajamos en proyectos propios y apoyamos a corporaciones en partnerships donde codo a codo combinamos conocimiento con creatividad, donde imaginamos, diseñamos y creamos productos digitales capaces de cautivar y crear impacto.",,,1 to 50 Employees,,,,4.0,100 %,N/A,,4.0,4.0,4.0,4.0,4.0,,,61,https://www.glassdoor.com/Reviews/NeuralWorks-Reviews-E7695273.htm,
"Decision Point
4.0",Marketing Communication Associate - LAT,Chile,chile,"Job Information
Title
Marketing Communication Associate - LAT
Industry
Analytics Consulting
Work Experience
0-1 year
City",,,201 to 500 Employees,Business Consulting,Management & Consulting,Unknown / Non-Applicable,3.9,87 %,97 %,,4.1,3.4,3.6,3.8,3.4,,,61,https://www.glassdoor.com/Reviews/Decision-Point-Reviews-E835917.htm,
"Flux Solar
3.6",Analista Google Data Studio Freelance,Chile,chile,"En Flux Solar la energía limpia y el medio ambiente nos mueven, somos referente en energías renovables en Chile y pieza clave de la transición a las nuevas energías del grupo Copec. Nos dedicamos a la instalación de PMGD, plantas solares industriales como el techo solar más grande de Latinoamérica o el sistema aislado más alejado del mundo en Rapa Nui, hasta la instalación de plantas solares en el techo de tu casa.

Actualmente, nos encontramos en la búsqueda de un profesional Freelance con sólidos conocimientos en la plataforma de Google Data Studio para el ámbito de Reportería y Dashboard. El cargo ofrecido estará orientado a proyectos tecnológicos internos que surjan en el área de Digitalización.

Algunas tareas a realizar son:
º Levantar e interpretar datos de distintas fuentes para llevarlas a un panel Dashboard.
º Desarrollar componentes altamente reutilizables, que permitan escalar sin problemas de arquitectura y rendimiento.
º Proponer soluciones técnicas dentro del área de expertise y de esta manera ayudar a empujar en pro de alcanzar los temas estratégicos de la gerencia y empresa.
º Ser el/la responsable del seguimiento de la planificación y desarrollo de las soluciones/proyecto a su cargo. Disponibilizando la información a tiempo y con vista por segmento.
º Dar soporte, mantención y continuidad de desarrollo a proyectos ya existentes por colaboradores internos o externos.
º Trabajar según hitos programados para los proyectos.

¿Qué requisitos necesitas para postular?
Analista de sistema (DBA y data scientist), Ingeniería en algún área de TI o similar.
º Mínimo 1 año de experiencia en reportería y dashboard.
º Conocimiento en Herramienta Google Data Studio.
º Base de datos MYSQL, PostgreSQL, MSSQL Server.
º Disponibilidad para trabajar Freelance en diversos proyectos de la compañía.


º Jornada Freelance y en modalidad remota dentro de todo el país.
º Posibilidad de participar de variados proyectos dentro de la empresa.

Si crees que la energía solar debe ser nuestra fuente primaria de energía, te sientes entusiasmado(a) en poder generar impacto positivo en el medioambiente y quieres ser parte de un ambiente altamente dinámico y variable, entonces encontraste tu lugar.

¡Te esperamos!",,,Unknown,"Energy, Mining & Utilities",Unknown / Non-Applicable,,3.6,100 %,N/A,,3.3,3.6,3.6,3.3,3.6,,,61,https://www.glassdoor.com/Reviews/Flux-Solar-Reviews-E5833403.htm,
Simons Observatory,Telescope Instrumentation Engineer,San Pedro de Atacama,chile,"Job Summary:
The Simons Observatory (SO) Telescope Instrumentation Engineer will be responsible for working with the instrument teams to deliver and successfully commission the Large Aperture Telescope (LAT) and three Small Aperture Telescopes (SAT) currently under construction for the Simons Observatory, and for maintaining and operating those instruments after they have been commissioned. The telescope instrumentation engineer will work with a team of leading scientists and other engineers in the development and testing of these important scientific instruments.

The work will include participating initially in the technical activities of the team working in North America, at University of California, San Diego, or University of California, Berkeley, or University of Pennsylvania or Princeton University. These activities include laboratory integration and testing, completion of supporting technical elements such as electrical and electronics enclosures, temperature monitoring and control, and installation of TES bolometer focal plane arrays. The integration and test phase will conclude with acceptance testing to verify that the instrument meets all of the performance and implementation requirements. Once the instrument has passed these tests it will be shipped to the SO site in Chile. The instrumentation engineer will work at the site to lead the installation of the instrument and will work with the compliance systems engineer to commission the instrument for science operations. During and after this period, the instrumentation engineer will also lead the activities related to completion of other SO telescopes and oversee their installation at the site.

The Telescope Instrumentation Engineer will be part of the Observatory’s site team and will report to the Observatory’s lead systems engineer and the observatory manager while in Chile. They will collaborate with the compliance systems engineer on the acceptance testing in the laboratory and also support the compliance systems engineer and other Observatory staff in the commissioning of the instrument and the handover to operations.



This is a salaried appointment. There will be a three-month probationary period.


The position will be located initially at one of the universities listed above, relocating after 2 months to the Observatory site in Chile with occasional travel to collaborator sites in the United States. The schedule is flexible depending on the candidate but will likely be 8-day shifts every two weeks.",,,,,,,,,,,,,,,,,,61,,
Arcoprime (COPEC),Alumno en Práctica -área Planificación,Chile,chile,"¿Quieres acompañarnos a enriquecer la vida de todas las personas en el viaje a su destino? Suma tu talento a nuestra comunidad.
En Pronto, Punto y Estaciones de Servicio Copec (Arcoprime) para nuestra Subgerencia de Logística estamos buscando un Alumno en Práctica para área de Planificación.
Ingeniero Civil Industrial, con conocimientos o intereses en Data Scientist, que nos permitan ordenar toda nuestra información relacionada con el Supply Chain modelándola y automatizando en distintas herramientas como Power Bi, Tableu, Qlick Viwe, etc., que nos permita tomar decisiones con un respaldo analítico.

¿Qué es lo que estamos buscando?
Estudiantes de las carreras Ingeniería Comercial, Civil Industrial y en Ejecución.
Conocimiento de Excel nivel Medio

Que te ofrecemos:
¡¡Queremos que puedas empezar el camino laboral junto a nosotros, te esperamos!!",,,,,,,,,,,,,,,,,,61,,
Laborum Selecta,Data Scientist,Vitacura,chile,"Cadena de Club Fitness con 26 años en el mercado y 32 sucursales busca para su equipo un Data Scientist, quien será responsable de revisar y analizar datos basándose en modelos estadísticos y/o matemáticos, proponiendo, obteniendo conclusiones para aportar información que sirva de apoyo en la toma de decisiones de las distintas áreas de la compañía. Funciones específicas: Realizar la recopilación y procesamiento de datos a gran escala; Diseñar y desarrollar aplicaciones de datos utilizando herramientas y marcos seleccionados; Desarrollar consultas con bases de datos con SQL o PL/SQL; Desarrollar modelos estadísticos, por ejemplo, con Python o R. Realizar análisis del entorno y diseñar sistemas de reporting para la visualización de los datos (sobre todo en business intelligence); Realizar informes de análisis de datos ad hoc y periódicos; Realizar el procesamiento de los datos no estructurados en un formato adecuado para su análisis, generación de KPI/reportes o extracción de información Realizar la atención y solución de requerimientos e incidencias producidas por soluciones de Analíticas CONDICIONES Horario por art.22

Cadena de Club Fitness con 26 años en el mercado y 32 sucursalesCadena de Club Fitness con 26 años en el mercado y 32 sucursales

Requisitos

Ingeniero Civil y/o Ingeniero en Informática o Carrera a fin. Con formación en Data Scientist. Grado en matemáticas, economía, ciencias informáticas, gestión de información o estadística. idealmente 5 a 6 años de experiencia laboral total, 1 a 2 años en el cargo de Data Scientist Profundos conocimientos y experiencia en paquetes de informes (Business Objects, etc.), bases de datos (SQL, etc.), programación (sistemas XML, Javascript o ETL) Conocimientos de estadística y experiencia en el uso de paquetes estadísticos para el análisis de conjuntos de datos (Excel, SPSS, SAS, etc.) Conocimientos de procesamiento de datos, matemáticas y estadística. Experiencia en arquitectura de software y sistemas de almacenamiento no distribuidos. Conocimientos de lenguajes de consulta como SQL. Conocimientos de bases de datos relacionales y no relacionales. Experiencia en consultoría en Data Warehouse en áreas como Análisis, Diseño, ETL, Reporting y Cuadros de mando. Experiencia en big data y herramientas Hadoop. Conocimientos de programación (Python / R). Dominio de técnicas de machine learning, data munging o data wrangling.

Beneficios",,,Unknown,,,,,,,,,,,,,,,61,,
"Bain & Company
4.5","Senior Associate, Operations Research & Supply Chain Analytics",Las Condes,chile,"What we do

We are part of the Advanced Analytics Group (AAG) which is a global team of Data Scientists, Machine Learning Engineers, Software Engineers, Impact Leads and Primary Researchers, working together to find solutions to the most complex problems our clients can have with AI and Machine Learning techniques. The Sr. Associate Supply Chain Advanced Analytics works with Bain’s consulting teams in the Performance Improvement Practice to provide strategic insights that will drive improvements in supply chain operations including network design, manufacturing, logistics and inventory.

For this role you will also work to advance AAG’s and Bain’s supply chain analytics capabilities in the region and globally and provide training to the consulting staff as needed.

Who we are looking for
We are looking for someone to work with a multidisciplinary team, and who can understand evolving Supply Chain IT systems, data and tools landscape, and assess clients’ Supply Chain IT systems, data and tools to provide recommendations. You will need to assess modeling needs based on client situation and recommend the best advanced analytics tools to support them.



Benefits

About us

At Bain we say ""Champion the bold to achieve the extraordinary"". At the Advanced Analytics team we deeply embody that statement; we put remarkable data innovators in front of the world's toughest challenges, delivering impact that goes way beyond businesses. By doing that, we aim to challenge the status quo and redefine the domains in which we work.
We are building the most influential data innovation hub in South America. We are looking for creative yet courageous professionals like you to play a key role in helping us pursue this endeavor.

What can you expect from us?

we want to provide an awesome environment to work and grow. An environment where we care about people, our wellbeing and a healthy and vibrant long term development. We believe in a place where autonomy is at the core, and where servant leadership provides direction, guidance and motivation, enabling the best version of each of us so we can build teams based on trust and where we help others shine.

we are obsessed with unleashing our clients’ full potential by developing quick and dirty data products that evolve fast through agile experimentation. We design a vision not conquered yet, and we only seek to make it a reality and bring true impact to the domains we work on. Be it a very complex operational mining process, an NGO’s educational challenge, a retailer’s e-commerce, or a climate change endeavor, we bring state-of-the-art advanced analytics techniques to create new superior realities for our clients.

complex problems require thinking out-of-the-box, giving room to challenging ideas and points of view. How we enable that? By nurturing creativity and having fun exploring novel paths and promoting curiosity and learning in empowered teams that take seriously their instincts and passions. We’ve seen over and over again that this never-ending learning philosophy make us better and stronger, broaden our capability range and enlighten our version in the future to tackle challenges that we haven’t seen before.",,,5001 to 10000 Employees,Business Consulting,Management & Consulting,$5 to $10 billion (USD),4.5,93 %,96 %,4.8,4.6,4.4,4.6,4.3,3.4,,,61,https://www.glassdoor.com/Reviews/Bain-and-Company-Reviews-E3752.htm,https://www.glassdoor.com/Benefits/Bain-and-Company-Benefits-E3752.htm
"Agrosuper
4.1",Data Scientist,Rancagua,chile,"En Agrosuper nos apasiona alimentar lo bueno de la vida todos los días, haciendo las cosas siempre mejor, con espíritu de crecimiento y desarrollo, y disfrutando la vida.
Conformamos un grupo humano de más de 13.000 personas, unidos por el sueño de llevar alimentos de la más alta calidad a la mesa de las familias de Chile y el mundo.
Por este motivo, buscamos a personas con ganas de crecer y desarrollarse para que se unan a nuestro equipo y así potenciar todos sus talentos.
Funciones del cargo
Como Data Scientist, esperamos un profesional capaz de liderar y promover el desarrollo de la función de inteligencia de datos e información de la Unidad, así como también, la transformación hacia una cultura data-driven e insight-led, a través del desarrollo de modelos, algoritmos y reportería que logren hallazgos accionables y soluciones medibles desde la data, con el objetivo de maximizar el desempeño comercial y operacional de la Subgerencia.
En nuestra organización, buscamos personas proactivas, con capacidad de autogestión, que logren aportar con estándares de calidad.
Como principales funciones, encontrarás:",,,1001 to 5000 Employees,Food & Beverage Manufacturing,Manufacturing,Unknown / Non-Applicable,4.1,78 %,88 %,,3.7,3.7,3.7,3.4,3.1,,,61,https://www.glassdoor.com/Reviews/Agrosuper-Reviews-E794348.htm,
"Worley
3.6",Senior Project Manager - Mining,Chile,chile,"48,000 people. 49 countries. Over 120 office locations.
We’re not just engineers. We’re a global team of data scientists, consultants, construction workers and innovators all working to create a better tomorrow. Every day, we help customers in energy, chemicals and resources get one step closer to solving our planet’s toughest issues. Climate change. The energy transition. Digital transformation. And how we can deliver a more sustainable world.
Whatever your ambition, there’s a path for you here. And there’s no barrier to your potential career success . For more information, visit Worley.com
We are looking for a Mining Project Manager
Purpose",,,10000+ Employees,Energy & Utilities,"Energy, Mining & Utilities",$5 to $10 billion (USD),3.6,72 %,82 %,3.5,3.3,3.2,3.5,3.1,3.5,,,61,https://www.glassdoor.com/Reviews/Worley-Reviews-E35193.htm,https://www.glassdoor.com/Benefits/Worley-Benefits-E35193.htm
"Acid Labs
4.2",DevSecOps Engineer,Chile,chile,"¡Nos encontramos en búsqueda de DevSecOps Engineer

Perfil:
El DevSecOps Engineer es un rol fundamental para el equipo de Advanced Analytics. Es ella/él quien nos permite impactar y estar cercanos a la ejecución dentro de la compañía para acelerar nuestros procesos utilizados nuestros Data Products. Es decir, conecta los modelos con el mundo real, es encargado tanto de disponibilizarlos en un ambiente altamente escalable como de recopilar su interacción con la realidad. Se encarga de su operación y optimización. Debe entender perfectamente cómo el modelo va interactuar con personas reales y/o sistemas y sortear los desafíos de la implementación que eso conlleva sin transar la calidad de sus artefactos entregados en un proceso de entrega ágil. Es un perfil con un gran sentido técnico! Debe surfear en la terminal sin asco de meter las manos para implementar una solución escalable, usable, funcional y desacoplada. Trabaja muy de cerca con los Data Scientists para automatizar las distintas tareas en pipelines de machine learning robustos y resilientes. Los DevSecOps Engineers de LATAM son makers por excelencia, su hábitat natural son los datos y es ahí donde se desenvuelve de la mejor manera trabajando siempre en equipo, con un gran espíritu colaborativo.

¿Cuáles serían algunas de mis responsabilidades?

Trabajar directamente con el equipo de Data Scientists para poner en producción modelos de Machine Learning utilizando y creando pipelines de ML.
Recolección de grandes volúmenes y variados conjuntos de datos.
Recolección de interacción con la realidad para su posterior reentrenamiento.
Construir las piezas necesarias para servir nuestros modelos y ponerlos a interactuar con el resto de la compañía en un entorno real y altamente escalable.
Trabajar muy cerca de los Data Scientists buscando maneras eficientes de monitorear, operar y darle explicabilidad a los modelos.
Promover una cultura técnica impulsando los productos de datos con las prácticas DevSecOps, SRE y MLOps",,,201 to 500 Employees,Information Technology Support Services,Information Technology,Unknown / Non-Applicable,4.2,88 %,87 %,,3.9,4.0,4.2,3.9,4.4,,,61,https://www.glassdoor.com/Reviews/Acid-Labs-Reviews-E1010609.htm,
"Associated Universities, Inc.
3.3",Post Doc Fellow (4769),Chile,chile,"ALMA Vacancy Notice

The Atacama Large Millimeter/submillimeter Array (ALMA) is an international astronomy facility operated through a partnership of the National Institutes of Natural Sciences (NINS) of Japan, the U.S. National Science Foundation (NSF), and the European Organization for Astronomical Research in the Southern Hemisphere (ESO) in cooperation with the Republic of Chile.

ALMA is funded by NINS in cooperation with the Academia Sinica (AS) in Taiwan and the Korea Astronomy and Space Science Institute (KASI), by NSF in cooperation with the National Research Council of Canada (NRC) and the National Science Council of Taiwan (NSC), and by ESO on behalf of its Member States.

ALMA operations are led by: the National Astronomical Observatory of Japan (NAOJ) on behalf of East Asia; by the National Radio Astronomy Observatory (NRAO), managed by Associated Universities, Inc. (AUI), on behalf of North America; and by ESO on behalf of its Member States. The Joint ALMA Observatory (JAO) provides the unified leadership and management of the operation of ALMA.",,,501 to 1000 Employees,Education,$25 to $100 million (USD),,3.3,62 %,63 %,,2.7,4.4,3.1,2.7,3.9,,,61,https://www.glassdoor.com/Reviews/Associated-Universities-Reviews-E429403.htm,
Talent&co,product manager analyst,Chile,chile,"Nos encontramos apoyando a una importante industria en la busqueda de un product manager analyst, responsable de impulsar, diseñar y desarrollar Productos/Activos Analíticos de rentabilización de la cartera de Clientes basadas en procesamiento de información y Análisis avanzado usando herramientas de inteligencia de negocios (BI, Inteligencia artificial, Machine Learning, Minería de datos, etc.). Buscamos profesionales que deseen liderar la generación de valor para el Negocio a través de los datos y la analítica con una alta vocación de transformación del conocimiento en acciones comerciales y de marketing que sean medibles y rentables.

Buscamos a una persona que pueda entender y analizar los problemas del negocio, trabajando de cerca con los equipos de CRM, marketing, experiencia de Clientes, Contact Center, Sucursales, TI, operaciones, comercial, entre otras áreas.

Dentro de sus funciones deberá:
Entender y analizar los procesos de negocio, identificando oportunidades de mejoras.
Trabajo con equipos interdisciplinarios locales (Chile) y corporativos (Latam).
Identificar, consolidar e integrar las fuentes de datos clave para la resolución de la problemática de negocio, tanto públicas como internas.
Generación de Productos analíticos, insights, segmentaciones y mediciones de KPIs.
Difundir conocimiento, aprendizajes y documentación de insights, productos/activos analíticos, acciones, mediciones, etc..
Proponer las acciones comerciales más adecuadas a la problemática de negocio y evaluación de resultados de dichas campañas.
Manejar herramientas, planillas de cálculo, plataformas CRM, soluciones de Analytics, software ETL, Query and Reporting, Big Data, etc.


Título de Ingeniero Matemática, Ingeniero civil Industrial, Ingeniero Estadístico, Ingeniero informático, Ingeniero en gestión de información, equivalentes de Ingeniería, se privilegiará experiencia en el cargo.
Experiencia de al menos 2 años como Analista de inteligencia de negocios o data scientist, en Retail, Banca, Telecomunicaciones o Automotriz. Requisito excluyente.
Experiencia de trabajo con bases de datos relacionales (mínimo 2 años). Requisito excluyente.
Al menos 3 años de experiencia en análisis de información, resolución de problemas, presentación de resultados. Requisito excluyente.
Alto nivel de manejo de SQL
Alto nivel de manejo R o Python. Requisito deseable.
Alto nivel de conocimiento de herramientas de machine learning, inferencia estadística y estadística descriptiva. Requisito excluyente.",,,Unknown,,,,,,,,,,,,,,,61,,
Talent&Co,Ingeniero de Datos,Las Condes,chile,"En Talent&Co nos encontramos apoyando a una importante industria petrolera de Chile en la búsqueda de un Ingeniero de Datos, será su misión la generación de valor a la Compañía a partir del tratamiento de los datos, desde su versión más cruda hasta las distintas definiciones para el uso analítico o por parte de los clientes dentro de la Compañía, velando por la correcta integración, su calidad y su integridad. Funciones: Trabajar en conjunto con los Arquitectos de Datos en la integración, réplica y migración de distintas bases de datos a un Data Lake. Entendimiento de los datos en su versión más cruda. Creación de pipelines y ETL’s Ingeniería de Datos Calidad e integridad de los datos Creación de tablas resúmenes, tablones y reportes para los distintos involucrados (otras áreas de negocio, Data Scientist, Data Analyst y BI) Documentación de procesos y mejora continua

Talent&Co es un Head Hunter boutique de servicio personalizado preparada para atender, ejecutar y adecuar los procesos desde los estándares mas altos de calidad para llegar a los talentos, líderes y/o futuros líderes que vuestra organización necesita. Nuestro objetivo es ofrecer a nuestros clientes una red de expertos en distintos sectores de la economía que entiendan las culturas y desafíos de nuestros clientes, como también el valor que las personas tienen para generar transformaciones que impacten en las organizaciones. Nuestro éxito está en consolidarnos como partner estratégicos de largo plazo para tu negocio, acompañando vuestro crecimiento y excedan su potencial.

Requisitos

Título profesional de Ingeniería Civil Informática, TI, Computación o carrera afín. Años de Experiencia: 2 a 6 Conocimientos de SQL y Python avanzados. Conocimientos en Spark (deseable) Conocimientos y experiencia en data modelling, data mining, BB.DD. relacionales y no relacionales, desarrollo de ETL’s, desarrollo de API’s y servicios de comunicación. Conocimiento de arquitectura cloud",,,Unknown,,,,,,,,,,,,,,,61,,
IFG Capital,IT Engineer,Viña del Mar,chile,"Estoy armando el equipo de una start up que será un spinoff de www.ifgcapital.cl que desarrollará software de trading de instrumentos financieros que tranzan en bolsas de todo el mundo.
Para lo anterior, necesito un Ingeniero CIVIL informático, electrónico, telemático o afín con 2 o más años de experiencia en áreas de TI (si no está titulado, pero está en el último año y tiene 2 o más años de experiencia en TI - experiencia en data science no es necesaria - funciona), que esté a cargo del área de TI de la empresa (hardware y software). Como la empresa es pequeña, la función anterior, al menos en un inicio, la podrá realizar en un % menor del tiempo (20 a 30%), y el % restante del tiempo debe desempeñarse en el área de data science optimizando modelos reactivos y/o predictivos.
El rango de sueldo mostrado es solo referencia, puede ser más o menos dependiendo 100% del perfil, experiencia y habilidades del profesional.
Funciones del cargo",,,1 to 50 Employees,,,,,,,,,,,,,,,61,,
"Reign
5.0",Front-end Developer,Chile,chile,"Reign last checked this job today.
Reign is an approachable, smart and international team of people who love developing apps and web solutions. We have comfortable offices in Santiago, near the biggest green area in the city.
Reign was founded by designers and developers so we created a work environment to suit you: plenty of quiet spaces to work, free coffee and access to the latest devices to tinker with. Our processes are agile, avoiding unnecessary meetings. We run regular tutorials on interesting programming, managing and design topics.
Since 2008 we’ve been helping our clients around the world. We believe our diverse, focused, talented team makes us highly effective and helps us bring a fresh and open attitude to everything we do.
What you need:
We are looking for a Front-end Developer to produce scalable software solutions. You’ll be part of a cross-functional team that’s responsible for the full software development life cycle, from conception to deployment.
As a Front-end Developer, you will be responsible for implementing visual elements that are visible from the computer user’s vantage point within a web application. You will combine the art of design with the science of programming. You will be responsible for the translation of UI/UX design wireframes to actual code.",,,1 to 50 Employees,,,,5.0,N/A,N/A,,,,,,,,,61,,
"Worley
3.6",Senior Project Engineer,Chile,chile,"48,000 people. 49 countries. Over 120 office locations.
We’re not just engineers. We’re a global team of data scientists, consultants, construction workers and innovators all working to create a better tomorrow. Every day, we help customers in energy, chemicals and resources get one step closer to solving our planet’s toughest issues. Climate change. The energy transition. Digital transformation. And how we can deliver a more sustainable world.
Whatever your ambition, there’s a path for you here. And there’s no barrier to your potential career success . For more information, visit Worley.com
We are looking for a Mining Project Manager - Tailings
Purpose",,,10000+ Employees,Energy & Utilities,"Energy, Mining & Utilities",$5 to $10 billion (USD),3.6,72 %,82 %,3.5,3.3,3.2,3.5,3.1,3.5,,,61,https://www.glassdoor.com/Reviews/Worley-Reviews-E35193.htm,https://www.glassdoor.com/Benefits/Worley-Benefits-E35193.htm
"ZeroFOX
4.0",Senior Software Engineer - Chile,Chile,chile,"BIG NEWS!
ZeroFox is officially a public company, and we’re on a mission to make the internet safer. Read more here: http://ow.ly/Iy6K50KbCYo

OPPORTUNITY OVERVIEW
At ZeroFox, we are passionate about bringing world-class protection to the digital-first world. Together, we have built a system capable of collecting and analyzing data from all over the internet, creating a paradigm-shifting cybersecurity product that helps secure and protect our customers and improves the global threat landscape.

We are a team of software engineers, cybersecurity experts, and data scientists who continue to develop unparalleled solutions for the cyber security industry by providing the best Digital Risk Protection SaaS in the global market. Our company, services, and user base are growing faster than ever and we’d like you to help us innovate. We believe the greatest solutions in the Digital Risk Protection space come from composing teams with varied backgrounds and experiences that can use their complementary skill sets to come up with the best market-defining solutions.",,,Unknown,Enterprise Software & Network Solutions,Information Technology,Unknown / Non-Applicable,4.0,71 %,77 %,3.2,3.8,3.7,3.9,3.8,3.9,,,61,https://www.glassdoor.com/Reviews/ZeroFOX-Reviews-E779978.htm,https://www.glassdoor.com/Benefits/ZeroFOX-Benefits-E779978.htm
